Accession,Release_Date,Species,Genus,Family,Length,Nuc_Completeness,Genotype,Genome_Region,Segment,Authors,Publications,Geo_Location,Host,Isolation_Source,Collection_Date,BioSample,GenBank_Title
NC_045512,2020-01-13T00:00:00Z,Severe acute respiratory syndrome-related coronavirus,Betacoronavirus,Coronaviridae,29903,"refseq, complete",,,,"Wu,F., Zhao,S., Yu,B., Chen,Y.-M., Wang,W., Hu,Y., Song,Z.-G., Tao,Z.-W., Tian,J.-H., Pei,Y.-Y., Yuan,M.L., Zhang,Y.-L., Dai,F.-H., Liu,Y., Wang,Q.-M., Zheng,J.-J., Xu,L., Holmes,E.C., Zhang,Y.-Z.",,China,Homo sapiens,,2019-12,,"Severe acute respiratory syndrome coronavirus 2 isolate Wuhan-Hu-1, complete genome"
MT198651,2020-03-17T00:00:00Z,Severe acute respiratory syndrome-related coronavirus,Betacoronavirus,Coronaviridae,29611,,,,,"Bracho,M.A., D'Auria,G., Navarro,D., de Marco,G., Garcia-Gonzalez,N., Beamud,B., Gonzalez-Candelas,F.",,Spain,Homo sapiens,oronasopharynx,2020-03-04,,"Severe acute respiratory syndrome coronavirus 2 isolate SARS-CoV-2/Valencia002/human/2020/ESP, partial genome"
MT198652,2020-03-17T00:00:00Z,Severe acute respiratory syndrome-related coronavirus,Betacoronavirus,Coronaviridae,29302,,,,,"Bracho,M.A., D'Auria,G., Navarro,D., de Marco,G., Garcia-Gonzalez,N., Beamud,B., Gonzalez-Candelas,F.",,Spain,Homo sapiens,lung,2020-03-05,,"Severe acute respiratory syndrome coronavirus 2 isolate SARS-CoV-2/Valencia003/human/2020/ESP, partial genome"
MT198653,2020-03-17T00:00:00Z,Severe acute respiratory syndrome-related coronavirus,Betacoronavirus,Coronaviridae,29611,,,,,"Bracho,M.A., D'Auria,G., Navarro,D., de Marco,G., Garcia-Gonzalez,N., Beamud,B., Gonzalez-Candelas,F.",,Spain,Homo sapiens,oronasopharynx,2020-03-08,,"Severe acute respiratory syndrome coronavirus 2 isolate SARS-CoV-2/Valencia001/human/2020/ESP, partial genome"
MT192772,2020-03-16T00:00:00Z,Severe acute respiratory syndrome-related coronavirus,Betacoronavirus,Coronaviridae,29891,complete,,,,"Cao,T.M., Nguyen,H.T., Pham,H.T.T., Vu,N.P.H., Dao,M.H., Huynh,L.T.K., Nguyen,L.T., Nguyen,N.T., Nguyen,T.T.N., Nguyen,A.H., Luong,Q.C., Nguyen,T.V., Tran,K.C., Pham,Q.D., Tran,T., Hoang,C.Q., Nguyen,T.T., Le,H.Q., Phung,T.M., Vo,T.N.A., Nguyen,S.N., Pham,D.T., Phan,L.T.",,Viet Nam,Homo sapiens,,2020-01-22,,"Severe acute respiratory syndrome coronavirus 2 isolate SARS-CoV-2/nCoV-19-01S/human/2020/VNM, complete genome"
MT192759,2020-03-16T00:00:00Z,Severe acute respiratory syndrome-related coronavirus,Betacoronavirus,Coronaviridae,29862,complete,,,,"Tsao,K.-C., Gong,Y.-N., Yang,S.-L., Liu,Y.-C., Huang,C.-G., Huang,Y.-C., Chen,G.-W., Shih,S.-R.",,Taiwan,Homo sapiens,"lung, oronasopharynx",2020-01-25,,"Severe acute respiratory syndrome coronavirus 2 isolate SARS-CoV-2/CGMH-CGU-01/human2020/TWN, complete genome"
MT192765,2020-03-16T00:00:00Z,Severe acute respiratory syndrome-related coronavirus,Betacoronavirus,Coronaviridae,29829,complete,,,,"Zeller,M., Anderson,C., Spencer,E., Klitting,R., Robles-Sikisaka,R., Gangavarapu,K., Nicholson,L., Andersen,K.",,USA,Homo sapiens,,2020-03-11,,"Severe acute respiratory syndrome coronavirus 2 isolate SARS-CoV-2/PC00101P/human/2020/USA, complete genome"
MT192773,2020-03-16T00:00:00Z,Severe acute respiratory syndrome-related coronavirus,Betacoronavirus,Coronaviridae,29890,complete,,,,"Nguyen,H.T., Cao,T.M., Pham,H.T.T., Vu,N.P.H., Dao,M.H., Huynh,L.T.K., Nguyen,L.T., Nguyen,N.T., Nguyen,T.T.N., Nguyen,A.H., Luong,Q.C., Nguyen,T.V., Tran,K.C., Pham,Q.D., Tran,T., Hoang,C.Q., Nguyen,T.T., Le,H.Q., Phung,T.M., Vo,T.N.A., Nguyen,S.N., Pham,D.T., Phan,L.T.",,Viet Nam,Homo sapiens,,2020-01-22,,"Severe acute respiratory syndrome coronavirus 2 isolate SARS-CoV-2/nCoV-19-02S/human/2020/VNM, complete genome"
MT192758,2020-03-16T00:00:00Z,Severe acute respiratory syndrome-related coronavirus,Betacoronavirus,Coronaviridae,440,,,,,"Scano,A., Fais,S., Loddo,M., Palmieri,G., Scioscia,R., Delrio,C.M.C., Coghe,F., Orru,G.",,Italy,Homo sapiens,oronasopharynx,2020-03-06,,"Severe acute respiratory syndrome coronavirus 2 isolate SARS-CoV-2/MBS-Cagliari-2/human/2020/ITA nucleocapsid phosphoprotein (N) gene, partial cds"
MT186679,2020-03-13T00:00:00Z,Severe acute respiratory syndrome-related coronavirus,Betacoronavirus,Coronaviridae,363,,,,,"Mokhtari Azad,T., Shafiei Jandaghi,N.Z., Sadeghi,K.",,Iran,Homo sapiens,,2020-03-05,,"Severe acute respiratory syndrome coronavirus 2 isolate SARS-CoV-2/1319/human/2020/IRN nucleocapsid phosphoprotein (N) gene, partial cds"
MT186680,2020-03-13T00:00:00Z,Severe acute respiratory syndrome-related coronavirus,Betacoronavirus,Coronaviridae,363,,,,,"Mokhtari Azad,T., Shafiei Jandaghi,N.Z., Sadeghi,K.",,Iran,Homo sapiens,,2020-02-17,,"Severe acute respiratory syndrome coronavirus 2 isolate SARS-CoV-2/257182/human/2020/IRN nucleocapsid phosphoprotein (N) gene, partial cds"
MT186681,2020-03-13T00:00:00Z,Severe acute respiratory syndrome-related coronavirus,Betacoronavirus,Coronaviridae,363,,,,,"Mokhtari Azad,T., Shafiei Jandaghi,N.Z., Sadeghi,K.",,Iran,Homo sapiens,,2020-02-28,,"Severe acute respiratory syndrome coronavirus 2 isolate SARS-CoV-2/15AW/human/2020/IRN nucleocapsid phosphoprotein (N) gene, partial cds"
MT186682,2020-03-13T00:00:00Z,Severe acute respiratory syndrome-related coronavirus,Betacoronavirus,Coronaviridae,363,,,,,"Mokhtari Azad,T., Shafiei Jandaghi,N.Z., Sadeghi,K.",,Iran,Homo sapiens,,2020-02-28,,"Severe acute respiratory syndrome coronavirus 2 isolate SARS-CoV-2/9BE/human/2020/IRN nucleocapsid phosphoprotein (N) gene, partial cds"
MT187977,2020-03-13T00:00:00Z,Severe acute respiratory syndrome-related coronavirus,Betacoronavirus,Coronaviridae,406,,,,,"Scano,A., Fais,S., Loddo,M., Palmieri,G., Scioscia,R., Del Rio,N.M.C., Coghe,F., Orru,G.",,Italy,Homo sapiens,oronasopharynx,2020-03,,"Severe acute respiratory syndrome coronavirus 2 isolate SARS-CoV-2/MBS-Cagliari-1/human/2020/ITA nucleocapsid phosphoprotein (N) gene, partial cds"
MT188339,2020-03-13T00:00:00Z,Severe acute respiratory syndrome-related coronavirus,Betacoronavirus,Coronaviridae,29783,complete,,,,"Plumb,M., Garfin,J., Wang,X.",,USA,Homo sapiens,,2020-03-09,,"Severe acute respiratory syndrome coronavirus 2 isolate USA/MN3-MDH3/2020, complete genome"
MT188340,2020-03-13T00:00:00Z,Severe acute respiratory syndrome-related coronavirus,Betacoronavirus,Coronaviridae,29845,complete,,,,"Plumb,M., Garfin,J., Wang,X.",,USA,Homo sapiens,,2020-03-07,,"Severe acute respiratory syndrome coronavirus 2 isolate USA/MN2-MDH2/2020, complete genome"
MT188341,2020-03-13T00:00:00Z,Severe acute respiratory syndrome-related coronavirus,Betacoronavirus,Coronaviridae,29835,complete,,,,"Plumb,M., Garfin,J., Wang,X.",,USA,Homo sapiens,,2020-03-05,,"Severe acute respiratory syndrome coronavirus 2 isolate USA/MN1-MDH1/2020, complete genome"
MT186676,2020-03-13T00:00:00Z,Severe acute respiratory syndrome-related coronavirus,Betacoronavirus,Coronaviridae,363,,,,,"Mokhtari Azad,T., Shafiei Jandaghi,N.Z., Sadeghi,K.",,Iran,Homo sapiens,,2020-03-03,,"Severe acute respiratory syndrome coronavirus 2 isolate SARS-CoV-2/1337/human/2020/IRN nucleocapsid phosphoprotein (N) gene, partial cds"
MT186677,2020-03-13T00:00:00Z,Severe acute respiratory syndrome-related coronavirus,Betacoronavirus,Coronaviridae,363,,,,,"Mokhtari Azad,T., Shafiei Jandaghi,N.Z., Sadeghi,K.",,Iran,Homo sapiens,,2020-02-09,,"Severe acute respiratory syndrome coronavirus 2 isolate SARS-CoV-2/255194/human/2020/IRN nucleocapsid phosphoprotein (N) gene, partial cds"
MT186678,2020-03-13T00:00:00Z,Severe acute respiratory syndrome-related coronavirus,Betacoronavirus,Coronaviridae,363,,,,,"Mokhtari Azad,T., Shafiei Jandaghi,N.Z., Sadeghi,K.",,Iran,Homo sapiens,,2020-02-22,,"Severe acute respiratory syndrome coronavirus 2 isolate SARS-CoV-2/25Aq/human/2020/IRN nucleocapsid phosphoprotein (N) gene, partial cds"
MT184907,2020-03-12T00:00:00Z,Severe acute respiratory syndrome-related coronavirus,Betacoronavirus,Coronaviridae,29882,complete,,,,"Tao,Y., Queen,K., Paden,C.R., Uehara,A., Zhang,J., Li,Y., Keckler,M.S., Laufer Halpin,A.S., Wang,H., Padilla,J., Lee,J., Elkins,C.A., Gerber,S.I., Tong,S.",,USA,Homo sapiens,oronasopharynx,2020-02-18,,"Severe acute respiratory syndrome coronavirus 2 isolate 2019-nCoV/USA-CruiseA-19/2020, complete genome"
MT184911,2020-03-12T00:00:00Z,Severe acute respiratory syndrome-related coronavirus,Betacoronavirus,Coronaviridae,29882,complete,,,,"Queen,K., Uehara,A., Tao,Y., Paden,C.R., Zhang,J., Li,Y., Wang,H., Kamili,S., Lu,X., Lynch,B., Sakthivel,S.K.K., Whitaker,B.L., Wang,L., Murray,J.R., Padilla,J., Lee,J., Gerber,S.I., Lindstrom,S., Tong,S.",,USA,Homo sapiens,oronasopharynx,2020-02-17,,"Severe acute respiratory syndrome coronavirus 2 isolate 2019-nCoV/USA-CruiseA-24/2020, complete genome"
MT184909,2020-03-12T00:00:00Z,Severe acute respiratory syndrome-related coronavirus,Betacoronavirus,Coronaviridae,29882,complete,,,,"Tao,Y., Queen,K., Paden,C.R., Uehara,A., Zhang,J., Li,Y., Keckler,M.S., Laufer Halpin,A.S., Wang,H., Padilla,J., Lee,J., Elkins,C.A., Gerber,S.I., Tong,S.",,USA,Homo sapiens,oronasopharynx,2020-02-21,,"Severe acute respiratory syndrome coronavirus 2 isolate 2019-nCoV/USA-CruiseA-22/2020, complete genome"
MT184908,2020-03-12T00:00:00Z,Severe acute respiratory syndrome-related coronavirus,Betacoronavirus,Coronaviridae,29880,complete,,,,"Tao,Y., Queen,K., Paden,C.R., Uehara,A., Zhang,J., Li,Y., Keckler,M.S., Laufer Halpin,A.S., Wang,H., Padilla,J., Lee,J., Elkins,C.A., Gerber,S.I., Tong,S.",,USA,Homo sapiens,oronasopharynx,2020-02-21,,"Severe acute respiratory syndrome coronavirus 2 isolate 2019-nCoV/USA-CruiseA-21/2020, complete genome"
MT184910,2020-03-12T00:00:00Z,Severe acute respiratory syndrome-related coronavirus,Betacoronavirus,Coronaviridae,29882,complete,,,,"Queen,K., Uehara,A., Tao,Y., Paden,C.R., Zhang,J., Li,Y., Wang,H., Kamili,S., Lu,X., Lynch,B., Sakthivel,S.K.K., Whitaker,B.L., Wang,L., Murray,J.R., Padilla,J., Lee,J., Gerber,S.I., Lindstrom,S., Tong,S.",,USA,Homo sapiens,oronasopharynx,2020-02-18,,"Severe acute respiratory syndrome coronavirus 2 isolate 2019-nCoV/USA-CruiseA-23/2020, complete genome"
MT184912,2020-03-12T00:00:00Z,Severe acute respiratory syndrome-related coronavirus,Betacoronavirus,Coronaviridae,29882,complete,,,,"Queen,K., Uehara,A., Tao,Y., Paden,C.R., Zhang,J., Li,Y., Wang,H., Kamili,S., Lu,X., Lynch,B., Sakthivel,S.K.K., Whitaker,B.L., Wang,L., Murray,J.R., Padilla,J., Lee,J., Gerber,S.I., Lindstrom,S., Tong,S.",,USA,Homo sapiens,oronasopharynx,2020-02-17,,"Severe acute respiratory syndrome coronavirus 2 isolate 2019-nCoV/USA-CruiseA-25/2020, complete genome"
MT184913,2020-03-12T00:00:00Z,Severe acute respiratory syndrome-related coronavirus,Betacoronavirus,Coronaviridae,29882,complete,,,,"Queen,K., Uehara,A., Tao,Y., Paden,C.R., Zhang,J., Li,Y., Wang,H., Kamili,S., Lu,X., Lynch,B., Sakthivel,S.K.K., Whitaker,B.L., Wang,L., Murray,J.R., Padilla,J., Lee,J., Gerber,S.I., Lindstrom,S., Tong,S.",,USA,Homo sapiens,oronasopharynx,2020-02-24,,"Severe acute respiratory syndrome coronavirus 2 isolate 2019-nCoV/USA-CruiseA-26/2020, complete genome"
MT163716,2020-03-10T00:00:00Z,Severe acute respiratory syndrome-related coronavirus,Betacoronavirus,Coronaviridae,29903,complete,,,,"Roychoudhury,P., Greninger,A., Jerome,K.",,USA,Homo sapiens,,2020-02-27,,"Severe acute respiratory syndrome coronavirus 2 isolate SARS-CoV-2/WA3-UW1/human/2020/USA, complete genome"
MT163719,2020-03-10T00:00:00Z,Severe acute respiratory syndrome-related coronavirus,Betacoronavirus,Coronaviridae,29903,complete,,,,"Roychoudhury,P., Greninger,A., Jerome,K.",,USA,Homo sapiens,,2020-03-01,,"Severe acute respiratory syndrome coronavirus 2 isolate SARS-CoV-2/WA7-UW4/human/2020/USA, complete genome"
MT163718,2020-03-10T00:00:00Z,Severe acute respiratory syndrome-related coronavirus,Betacoronavirus,Coronaviridae,29903,complete,,,,"Roychoudhury,P., Greninger,A., Jerome,K.",,USA,Homo sapiens,,2020-02-29,,"Severe acute respiratory syndrome coronavirus 2 isolate SARS-CoV-2/WA6-UW3/human/2020/USA, complete genome"
MT163721,2020-03-10T00:00:00Z,Severe acute respiratory syndrome-related coronavirus,Betacoronavirus,Coronaviridae,29325,,,,,"Roychoudhury,P., Greninger,A., Jerome,K.",,USA,Homo sapiens,,2020-03-01,,"Severe acute respiratory syndrome coronavirus 2 isolate SARS-CoV-2/WA9-UW6/human/2020/USA, partial genome"
MT163737,2020-03-10T00:00:00Z,Severe acute respiratory syndrome-related coronavirus,Betacoronavirus,Coronaviridae,322,,,,,"Karbalaie Niya,M.H., Laali,A., Tabibzadeh,A., Safarnezhad Tameshkel,F., Zamani,F., Sohrabi,M.R., Ranjbar,M., Savaj,S., Rezaie,N., Ajdarkosh,H., Keyvani,H., Khoonsari,M., Ameli,M., Nikkhah,M., Ghanbari,B., Faraji,A., Jamshidi Makiani,M., Roham,M.",,Iran,Homo sapiens,oronasopharynx,2020-02-29,,"Severe acute respiratory syndrome coronavirus 2 isolate SARS-CoV-2/MHKN-2/human/2020/IRN ORF1ab polyprotein gene, partial cds"
MT163738,2020-03-10T00:00:00Z,Severe acute respiratory syndrome-related coronavirus,Betacoronavirus,Coronaviridae,322,,,,,"Karbalaie Niya,M.H., Laali,A., Tabibzadeh,A., Safarnezhad Tameshkel,F., Zamani,F., Sohrabi,M.R., Ranjbar,M., Savaj,S., Rezaie,N., Ajdarkosh,H., Keyvani,H., Khoonsari,M., Ameli,M., Nikkhah,M., Ghanbari,B., Faraji,A., Jamshidi Makiani,M., Roham,M.",,Iran,Homo sapiens,oronasopharynx,2020-02-29,,"Severe acute respiratory syndrome coronavirus 2 isolate SARS-CoV-2/MHKN-4/human/2020/IRN ORF1ab polyprotein gene, partial cds"
MT163712,2020-03-10T00:00:00Z,Severe acute respiratory syndrome-related coronavirus,Betacoronavirus,Coronaviridae,87,,,,,"Hamedi Asl,D., Soleimani,M., Mirzapour,M., Shabadori,A., Kamali,M.",,Iran,Homo sapiens,,2020-02-29,,"Severe acute respiratory syndrome coronavirus 2 isolate SARS-CoV-2/mehr1/human/2020/IRN ORF1ab polyprotein, 3'-to-5' exonuclease region, gene, partial cds"
MT163714,2020-03-10T00:00:00Z,Severe acute respiratory syndrome-related coronavirus,Betacoronavirus,Coronaviridae,399,,,,,"Kumar,P., Dhar,M., Vashistha,H., Singh,P., Sharma,U., Singh,S., Saini,N., Lall,H., Bala,M., Singh,S.K., Rakshit,P.",,India,Homo sapiens,,2020-02-29,,"Severe acute respiratory syndrome coronavirus 2 isolate SARS-CoV-2/341/human/2020/IND nucleocapsid protein (N) gene, partial cds"
MT163715,2020-03-10T00:00:00Z,Severe acute respiratory syndrome-related coronavirus,Betacoronavirus,Coronaviridae,264,,,,,"Kumar,P., Dhar,M., Vashistha,H., Singh,P., Sharma,U., Singh,S., Saini,N., Lall,H., Bala,M., Singh,S.K., Rakshit,P.",,India,Homo sapiens,,2020-02-29,,"Severe acute respiratory syndrome coronavirus 2 isolate SARS-CoV-2/341/human/2020/IND nucleocapsid protein (N) gene, partial cds"
MT163717,2020-03-10T00:00:00Z,Severe acute respiratory syndrome-related coronavirus,Betacoronavirus,Coronaviridae,29897,complete,,,,"Roychoudhury,P., Greninger,A., Jerome,K.",,USA,Homo sapiens,,2020-02-28,,"Severe acute respiratory syndrome coronavirus 2 isolate SARS-CoV-2/WA4-UW2/human/2020/USA, complete genome"
MT163720,2020-03-10T00:00:00Z,Severe acute respiratory syndrome-related coronavirus,Betacoronavirus,Coronaviridae,29732,,,,,"Roychoudhury,P., Greninger,A., Jerome,K.",,USA,Homo sapiens,,2020-03-01,,"Severe acute respiratory syndrome coronavirus 2 isolate SARS-CoV-2/WA8-UW5/human/2020/USA, partial genome"
MT159711,2020-03-09T00:00:00Z,Severe acute respiratory syndrome-related coronavirus,Betacoronavirus,Coronaviridae,29882,complete,,,,"Paden,C.R., Tao,Y., Queen,K., Uehara,A., Zhang,J., Li,Y., Wang,H., Kamili,S., Lu,X., Lynch,B., Sakthivel,S.K.K., Whitaker,B.L., Wang,L., Murray,J.R., Padilla,J., Lee,J., Gerber,S.I., Lindstrom,S., Tong,S.",,USA,Homo sapiens,oronasopharynx,2020-02-20,,"Severe acute respiratory syndrome coronavirus 2 isolate 2019-nCoV/USA-CruiseA-13/2020, complete genome"
MT159710,2020-03-09T00:00:00Z,Severe acute respiratory syndrome-related coronavirus,Betacoronavirus,Coronaviridae,29882,complete,,,,"Tao,Y., Paden,C.R., Queen,K., Uehara,A., Zhang,J., Li,Y., Wang,H., Kamili,S., Lu,X., Lynch,B., Sakthivel,S.K.K., Whitaker,B.L., Wang,L., Murray,J.R., Padilla,J., Lee,J., Gerber,S.I., Lindstrom,S., Tong,S.",,USA,Homo sapiens,oronasopharynx,2020-02-17,,"Severe acute respiratory syndrome coronavirus 2 isolate 2019-nCoV/USA-CruiseA-9/2020, complete genome"
MT159708,2020-03-09T00:00:00Z,Severe acute respiratory syndrome-related coronavirus,Betacoronavirus,Coronaviridae,29882,complete,,,,"Tao,Y., Paden,C.R., Queen,K., Uehara,A., Zhang,J., Li,Y., Wang,H., Kamili,S., Lu,X., Lynch,B., Sakthivel,S.K.K., Whitaker,B.L., Wang,L., Murray,J.R., Padilla,J., Lee,J., Gerber,S.I., Lindstrom,S., Tong,S.",,USA,Homo sapiens,oronasopharynx,2020-02-17,,"Severe acute respiratory syndrome coronavirus 2 isolate 2019-nCoV/USA-CruiseA-11/2020, complete genome"
MT159712,2020-03-09T00:00:00Z,Severe acute respiratory syndrome-related coronavirus,Betacoronavirus,Coronaviridae,29882,complete,,,,"Paden,C.R., Tao,Y., Queen,K., Uehara,A., Zhang,J., Li,Y., Wang,H., Kamili,S., Lu,X., Lynch,B., Sakthivel,S.K.K., Whitaker,B.L., Wang,L., Murray,J.R., Padilla,J., Lee,J., Gerber,S.I., Lindstrom,S., Tong,S.",,USA,Homo sapiens,oronasopharynx,2020-02-25,,"Severe acute respiratory syndrome coronavirus 2 isolate 2019-nCoV/USA-CruiseA-14/2020, complete genome"
MT159716,2020-03-09T00:00:00Z,Severe acute respiratory syndrome-related coronavirus,Betacoronavirus,Coronaviridae,29867,complete,,,,"Paden,C.R., Tao,Y., Queen,K., Uehara,A., Zhang,J., Li,Y., Wang,H., Kamili,S., Lu,X., Lynch,B., Sakthivel,S.K.K., Whitaker,B.L., Wang,L., Murray,J.R., Padilla,J., Lee,J., Gerber,S.I., Lindstrom,S., Tong,S.",,USA,Homo sapiens,oronasopharynx,2020-02-24,,"Severe acute respiratory syndrome coronavirus 2 isolate 2019-nCoV/USA-CruiseA-18/2020, complete genome"
MT159707,2020-03-09T00:00:00Z,Severe acute respiratory syndrome-related coronavirus,Betacoronavirus,Coronaviridae,29882,complete,,,,"Tao,Y., Paden,C.R., Queen,K., Uehara,A., Zhang,J., Li,Y., Wang,H., Kamili,S., Lu,X., Lynch,B., Sakthivel,S.K.K., Whitaker,B.L., Wang,L., Murray,J.R., Padilla,J., Lee,J., Gerber,S.I., Lindstrom,S., Tong,S.",,USA,Homo sapiens,oronasopharynx,2020-02-17,,"Severe acute respiratory syndrome coronavirus 2 isolate 2019-nCoV/USA-CruiseA-10/2020, complete genome"
MT159715,2020-03-09T00:00:00Z,Severe acute respiratory syndrome-related coronavirus,Betacoronavirus,Coronaviridae,29882,complete,,,,"Paden,C.R., Tao,Y., Queen,K., Uehara,A., Zhang,J., Li,Y., Wang,H., Kamili,S., Lu,X., Lynch,B., Sakthivel,S.K.K., Whitaker,B.L., Wang,L., Murray,J.R., Padilla,J., Lee,J., Gerber,S.I., Lindstrom,S., Tong,S.",,USA,Homo sapiens,oronasopharynx,2020-02-24,,"Severe acute respiratory syndrome coronavirus 2 isolate 2019-nCoV/USA-CruiseA-17/2020, complete genome"
MT159721,2020-03-09T00:00:00Z,Severe acute respiratory syndrome-related coronavirus,Betacoronavirus,Coronaviridae,29882,complete,,,,"Uehara,A., Tao,Y., Paden,C.R., Queen,K., Zhang,J., Li,Y., Keckler,M.S., Laufer Halpin,A.S., Wang,H., Padilla,J., Lee,J., Elkins,C.A., Gerber,S.I., Tong,S.",,USA,Homo sapiens,oronasopharynx,2020-02-21,,"Severe acute respiratory syndrome coronavirus 2 isolate 2019-nCoV/USA-CruiseA-5/2020, complete genome"
MT159717,2020-03-09T00:00:00Z,Severe acute respiratory syndrome-related coronavirus,Betacoronavirus,Coronaviridae,29882,complete,,,,"Uehara,A., Tao,Y., Paden,C.R., Queen,K., Zhang,J., Li,Y., Keckler,M.S., Laufer Halpin,A.S., Wang,H., Padilla,J., Lee,J., Elkins,C.A., Gerber,S.I., Tong,S.",,USA,Homo sapiens,oronasopharynx,2020-02-17,,"Severe acute respiratory syndrome coronavirus 2 isolate 2019-nCoV/USA-CruiseA-1/2020, complete genome"
MT161607,2020-03-09T00:00:00Z,Severe acute respiratory syndrome-related coronavirus,Betacoronavirus,Coronaviridae,253,,,,,"Genoni,A.P., Baj,A., Rossi,A.",,Italy,Homo sapiens,oronasopharynx,2020-03-05,,Severe acute respiratory syndrome coronavirus 2 isolate SARS-CoV-2/NIAA05032020/human/2020/ITA 5' UTR
MT159778,2020-03-09T00:00:00Z,Severe acute respiratory syndrome-related coronavirus,Betacoronavirus,Coronaviridae,483,,,,,"Salako,B.L., Audu,R.A., Sunday,O.A., Okwuraiwe,A., Amao,O., Shaibu,J.O., Onwuamah,C., James,A., Ajibaye,O., Iwalokun,B., Salu,O., Orenolu,R., Anyanwu,R., Obaleye,O., Ige,F., Faleye,T., Abiodun,M., Oni,G., Olohungbebe,M.",,Nigeria,Homo sapiens,"lung, oronasopharynx",2020-02-27,,"Severe acute respiratory syndrome coronavirus 2 isolate SARS-CoV-2/NG01/human/2020/NGA ORF1ab polyprotein, RdRp region, (orf1ab) gene, partial cds"
MT159722,2020-03-09T00:00:00Z,Severe acute respiratory syndrome-related coronavirus,Betacoronavirus,Coronaviridae,29882,complete,,,,"Uehara,A., Tao,Y., Paden,C.R., Queen,K., Zhang,J., Li,Y., Keckler,M.S., Laufer Halpin,A.S., Wang,H., Padilla,J., Lee,J., Elkins,C.A., Gerber,S.I., Tong,S.",,USA,Homo sapiens,oronasopharynx,2020-02-21,,"Severe acute respiratory syndrome coronavirus 2 isolate 2019-nCoV/USA-CruiseA-6/2020, complete genome"
MT159714,2020-03-09T00:00:00Z,Severe acute respiratory syndrome-related coronavirus,Betacoronavirus,Coronaviridae,29882,complete,,,,"Paden,C.R., Tao,Y., Queen,K., Uehara,A., Zhang,J., Li,Y., Wang,H., Kamili,S., Lu,X., Lynch,B., Sakthivel,S.K.K., Whitaker,B.L., Wang,L., Murray,J.R., Padilla,J., Lee,J., Gerber,S.I., Lindstrom,S., Tong,S.",,USA,Homo sapiens,oronasopharynx,2020-02-18,,"Severe acute respiratory syndrome coronavirus 2 isolate 2019-nCoV/USA-CruiseA-16/2020, complete genome"
MT159713,2020-03-09T00:00:00Z,Severe acute respiratory syndrome-related coronavirus,Betacoronavirus,Coronaviridae,29882,complete,,,,"Paden,C.R., Tao,Y., Queen,K., Uehara,A., Zhang,J., Li,Y., Wang,H., Kamili,S., Lu,X., Lynch,B., Sakthivel,S.K.K., Whitaker,B.L., Wang,L., Murray,J.R., Padilla,J., Lee,J., Gerber,S.I., Lindstrom,S., Tong,S.",,USA,Homo sapiens,oronasopharynx,2020-02-18,,"Severe acute respiratory syndrome coronavirus 2 isolate 2019-nCoV/USA-CruiseA-15/2020, complete genome"
MT159706,2020-03-09T00:00:00Z,Severe acute respiratory syndrome-related coronavirus,Betacoronavirus,Coronaviridae,29882,complete,,,,"Tao,Y., Paden,C.R., Queen,K., Uehara,A., Zhang,J., Li,Y., Wang,H., Kamili,S., Lu,X., Lynch,B., Sakthivel,S.K.K., Whitaker,B.L., Wang,L., Murray,J.R., Padilla,J., Lee,J., Gerber,S.I., Lindstrom,S., Tong,S.",,USA,Homo sapiens,oronasopharynx,2020-02-17,,"Severe acute respiratory syndrome coronavirus 2 isolate 2019-nCoV/USA-CruiseA-8/2020, complete genome"
MT066156,2020-03-09T00:00:00Z,Severe acute respiratory syndrome-related coronavirus,Betacoronavirus,Coronaviridae,29867,complete,,,,"Capobianchi,M.R., Rueca,M., Messina,F., Giombini,E., Carletti,F., Colavita,F., Castilletti,C., Lalle,E., Bordi,L., Vairo,E., Nicastri,E., Ippolito,G., Gruber,C.E.M., Bartolini,B.",,Italy,Homo sapiens,"lung, oronasopharynx",2020-01-30,,"Severe acute respiratory syndrome coronavirus 2 isolate SARS-CoV-2/INMI1/human/2020/ITA, complete genome"
MT159705,2020-03-09T00:00:00Z,Severe acute respiratory syndrome-related coronavirus,Betacoronavirus,Coronaviridae,29882,complete,,,,"Tao,Y., Paden,C.R., Queen,K., Uehara,A., Zhang,J., Li,Y., Wang,H., Kamili,S., Lu,X., Lynch,B., Sakthivel,S.K.K., Whitaker,B.L., Wang,L., Murray,J.R., Padilla,J., Lee,J., Gerber,S.I., Lindstrom,S., Tong,S.",,USA,Homo sapiens,oronasopharynx,2020-02-17,,"Severe acute respiratory syndrome coronavirus 2 isolate 2019-nCoV/USA-CruiseA-7/2020, complete genome"
MT121215,2020-03-09T00:00:00Z,Severe acute respiratory syndrome-related coronavirus,Betacoronavirus,Coronaviridae,29945,complete,,,,"Zhang,R., Yi,Z., Wang,Y., Teng,Z., Xu,W., Song,W., Cai,X., Sun,Z., Gu,C., Zhou,Y., Chen,H., Ye,R., Han,W., Zhu,Y., Feng,F., Fang,F., Li,C., Zhang,X., Qu,D., Fu,C., Xie,Y., Yuan,Z.",,China,Homo sapiens,oronasopharynx,2020-02-02,,"Severe acute respiratory syndrome coronavirus 2 isolate SARS-CoV-2/SH01/human/2020/CHN, complete genome"
MT159719,2020-03-09T00:00:00Z,Severe acute respiratory syndrome-related coronavirus,Betacoronavirus,Coronaviridae,29882,complete,,,,"Uehara,A., Tao,Y., Paden,C.R., Queen,K., Zhang,J., Li,Y., Keckler,M.S., Laufer Halpin,A.S., Wang,H., Padilla,J., Lee,J., Elkins,C.A., Gerber,S.I., Tong,S.",,USA,Homo sapiens,oronasopharynx,2020-02-18,,"Severe acute respiratory syndrome coronavirus 2 isolate 2019-nCoV/USA-CruiseA-3/2020, complete genome"
MT159720,2020-03-09T00:00:00Z,Severe acute respiratory syndrome-related coronavirus,Betacoronavirus,Coronaviridae,29882,complete,,,,"Uehara,A., Tao,Y., Paden,C.R., Queen,K., Zhang,J., Li,Y., Keckler,M.S., Laufer Halpin,A.S., Wang,H., Padilla,J., Lee,J., Elkins,C.A., Gerber,S.I., Tong,S.",,USA,Homo sapiens,oronasopharynx,2020-02-21,,"Severe acute respiratory syndrome coronavirus 2 isolate 2019-nCoV/USA-CruiseA-4/2020, complete genome"
MT159709,2020-03-09T00:00:00Z,Severe acute respiratory syndrome-related coronavirus,Betacoronavirus,Coronaviridae,29882,complete,,,,"Tao,Y., Paden,C.R., Queen,K., Uehara,A., Zhang,J., Li,Y., Wang,H., Kamili,S., Lu,X., Lynch,B., Sakthivel,S.K.K., Whitaker,B.L., Wang,L., Murray,J.R., Padilla,J., Lee,J., Gerber,S.I., Lindstrom,S., Tong,S.",,USA,Homo sapiens,oronasopharynx,2020-02-20,,"Severe acute respiratory syndrome coronavirus 2 isolate 2019-nCoV/USA-CruiseA-12/2020, complete genome"
MT159718,2020-03-09T00:00:00Z,Severe acute respiratory syndrome-related coronavirus,Betacoronavirus,Coronaviridae,29882,complete,,,,"Uehara,A., Tao,Y., Paden,C.R., Queen,K., Zhang,J., Li,Y., Keckler,M.S., Laufer Halpin,A.S., Wang,H., Padilla,J., Lee,J., Elkins,C.A., Gerber,S.I., Tong,S.",,USA,Homo sapiens,oronasopharynx,2020-02-18,,"Severe acute respiratory syndrome coronavirus 2 isolate 2019-nCoV/USA-CruiseA-2/2020, complete genome"
LC529905,2020-03-07T00:00:00Z,Severe acute respiratory syndrome-related coronavirus,Betacoronavirus,Coronaviridae,29903,,,,,"Kumagai,R., Yoshida,I., Nagashima,M., Chiba,T., Sadamasu,K.",,Japan,Homo sapiens,,2020-01,,"Severe acute respiratory syndrome coronavirus 2 TKYE6182_2020 RNA, complete genome"
MT012098,2020-03-06T00:00:00Z,Severe acute respiratory syndrome-related coronavirus,Betacoronavirus,Coronaviridae,29854,complete,,,,"Yadav,P.D., Potdar,V., Abraham,P.",,India,Homo sapiens,oronasopharynx,2020-01-27,,"Severe acute respiratory syndrome coronavirus 2 isolate SARS-CoV-2/29/human/2020/IND, complete genome"
MT050493,2020-03-06T00:00:00Z,Severe acute respiratory syndrome-related coronavirus,Betacoronavirus,Coronaviridae,29851,complete,,,,"Potdar,V., Choudhary,M., Yadav,P.D., Shete-Aich,A.",,India,Homo sapiens,oronasopharynx,2020-01-31,,"Severe acute respiratory syndrome coronavirus 2 isolate SARS-CoV-2/166/human/2020/IND, complete genome"
MT152900,2020-03-05T00:00:00Z,Severe acute respiratory syndrome-related coronavirus,Betacoronavirus,Coronaviridae,322,,,,,"Karbalaie Niya,M.H., Laali,A., Tabibzadeh,A., Safarnezhad Tameshkel,F., Zamani,F., Sohrabi,M.R., Ranjbar,M., Savaj,S., Rezaie,N., Ajdarkosh,H., Keyvani,H., Khoonsari,M., Ameli,M., Nikkhah,M., Ghanbari,B., Faraji,A., Jamshidi Makiani,M., Roham,M.",,Iran,Homo sapiens,oronasopharynx,2020-02-26,,"Severe acute respiratory syndrome coronavirus 2 isolate SARS-CoV-2/MHKN-1/human/2020/IRN ORF1ab polyprotein (orf1ab) gene, partial cds"
MT152824,2020-03-05T00:00:00Z,Severe acute respiratory syndrome-related coronavirus,Betacoronavirus,Coronaviridae,29878,complete,,,,"Chu,H., Boeckh,M., Englund,J., Famulare,M., Lutz,B., Nickerson,D., Rieder,M., Starita,L., Thompson,M., Shendure,J., Bedford,T.",,USA,Homo sapiens,,2020-02-24,,"Severe acute respiratory syndrome coronavirus 2 isolate SARS-CoV-2/WA2/human/2020/USA, complete genome"
MT135044,2020-03-04T00:00:00Z,Severe acute respiratory syndrome-related coronavirus,Betacoronavirus,Coronaviridae,29903,complete,,,,"Li,J., Li,L., Li,Z., Qiu,S., Song,H., Li,P.",,China,Homo sapiens,,2020-01-28,,"Severe acute respiratory syndrome coronavirus 2 isolate SARS-CoV-2/235/human/2020/CHN, complete genome"
MT135042,2020-03-04T00:00:00Z,Severe acute respiratory syndrome-related coronavirus,Betacoronavirus,Coronaviridae,29903,complete,,,,"Li,J., Li,L., Li,Z., Qiu,S., Song,H., Li,P.",,China,Homo sapiens,,2020-01-28,,"Severe acute respiratory syndrome coronavirus 2 isolate SARS-CoV-2/231/human/2020/CHN, complete genome"
MT135043,2020-03-04T00:00:00Z,Severe acute respiratory syndrome-related coronavirus,Betacoronavirus,Coronaviridae,29903,complete,,,,"Li,J., Li,L., Li,Z., Qiu,S., Song,H., Li,P.",,China,Homo sapiens,,2020-01-28,,"Severe acute respiratory syndrome coronavirus 2 isolate SARS-CoV-2/233/human/2020/CHN, complete genome"
MT135041,2020-03-04T00:00:00Z,Severe acute respiratory syndrome-related coronavirus,Betacoronavirus,Coronaviridae,29903,complete,,,,"Li,J., Li,L., Li,Z., Qiu,S., Song,H., Li,P.",,China,Homo sapiens,,2020-01-26,,"Severe acute respiratory syndrome coronavirus 2 isolate SARS-CoV-2/105/human/2020/CHN, complete genome"
MT126808,2020-03-02T00:00:00Z,Severe acute respiratory syndrome-related coronavirus,Betacoronavirus,Coronaviridae,29876,complete,,,,"Amgarten,D., Malta,F., Ruiz,R.M., Petroni,R., Santana,R.A.F., de Menezes,F.G., Mangueira,C.L.P., Pinho,J.R.R.",,Brazil,Homo sapiens,oronasopharynx,2020-02-28,,"Severe acute respiratory syndrome coronavirus 2 isolate SARS-CoV-2/SP02/human/2020/BRA, complete genome"
LC528232,2020-02-29T00:00:00Z,Severe acute respiratory syndrome-related coronavirus,Betacoronavirus,Coronaviridae,29902,,,,,"Hishiki,T., Suzuki,R., Sakuragi,J., Usui,K., Tanaka,Y., Kawai,J., Kogo,Y., Matsuki,Y., An,T., Hayashizaki,Y., Takasaki,T.",,,Homo sapiens,oronasopharynx,2020-02-10,,"Severe acute respiratory syndrome coronavirus 2 SARS-CoV-2/Hu/DP/Kng/19-020 RNA, complete genome"
LC528233,2020-02-29T00:00:00Z,Severe acute respiratory syndrome-related coronavirus,Betacoronavirus,Coronaviridae,29902,,,,,"Hishiki,T., Suzuki,R., Sakuragi,J., Usui,K., Tanaka,Y., Kawai,J., Kogo,Y., Matsuki,Y., An,T., Hayashizaki,Y., Takasaki,T.",,,Homo sapiens,oronasopharynx,2020-02-10,,"Severe acute respiratory syndrome coronavirus 2 SARS-CoV-2/Hu/DP/Kng/19-027 RNA, complete genome"
MT123290,2020-02-28T00:00:00Z,Severe acute respiratory syndrome-related coronavirus,Betacoronavirus,Coronaviridae,29891,complete,,,,"Shi,Y., Sun,J., Zheng,K., Huang,J., Zhao,J.",,China,Homo sapiens,oronasopharynx,2020-02-05,,"Severe acute respiratory syndrome coronavirus 2 isolate SARS-CoV-2/IQTC01/human/2020/CHN, complete genome"
MT123291,2020-02-28T00:00:00Z,Severe acute respiratory syndrome-related coronavirus,Betacoronavirus,Coronaviridae,29882,complete,,,,"Shi,Y., Zheng,K., Sun,J., Huang,J., Zhu,A., Zhuang,Z., Dai,J., Chen,Z., Sun,F., Zhang,Z., Li,X., Wang,Y.",,China,Homo sapiens,lung,2020-01-29,,"Severe acute respiratory syndrome coronavirus 2 isolate SARS-CoV-2/IQTC02/human/2020/CHN, complete genome"
MT123292,2020-02-28T00:00:00Z,Severe acute respiratory syndrome-related coronavirus,Betacoronavirus,Coronaviridae,29923,complete,,,,"Huang,J., Shi,Y., Sun,J., Zheng,K., Zhu,A., Sun,F., Zhuang,Z., Dai,J., Zhang,Z., Huang,S., Wang,Y., Li,X.",,China,Homo sapiens,"lung, oronasopharynx",2020-01-27,,"Severe acute respiratory syndrome coronavirus 2 isolate SARS-CoV-2/IQTC04/human/2020/CHN, complete genome"
MT123293,2020-02-28T00:00:00Z,Severe acute respiratory syndrome-related coronavirus,Betacoronavirus,Coronaviridae,29871,complete,,,,"Zheng,K., Shi,Y., Sun,J., Huang,J., Zhu,A., Sun,F., Zhuang,Z., Dai,J., Chen,Z., Huang,S., Zhang,Z., Li,X., Wang,Y.",,China,Homo sapiens,feces,2020-01-29,,"Severe acute respiratory syndrome coronavirus 2 isolate SARS-CoV-2/IQTC03/human/2020/CHN, complete genome"
MT118835,2020-02-27T00:00:00Z,Severe acute respiratory syndrome-related coronavirus,Betacoronavirus,Coronaviridae,29882,complete,,,,"Queen,K., Uehara,A., Zhang,J., Li,Y., Tao,Y., Paden,C.R., Wang,H., Kamili,S., Lu,X., Lynch,B., Sakthivel,S.K.K., Whitaker,B.L., Wang,L., Murray,J.R., Padilla,J., Lee,J., Gerber,S.I., Lindstrom,S., Tong,S.",,USA,Homo sapiens,lung,2020-02-23,,"Severe acute respiratory syndrome coronavirus 2 isolate 2019-nCoV/USA-CA9/2020, complete genome"
MT111895,2020-02-26T00:00:00Z,Severe acute respiratory syndrome-related coronavirus,Betacoronavirus,Coronaviridae,770,,,,,"Northill,J.A., Huang,B., Pyke,A., De Jong,A., van den Hurk,A., Taylor,C., Warrilow,D., Genge,D., Gamez,E., Hewitson,G., Mackay,I., Sultana,I., McMahon,J., Barcelon,J., Finger,M., Simpson,N., Nair,N., Burtonclay,P., Moore,P., Wheatley,S., Moody,S., Hall-Mendelin,S., Moore,F.",,Australia,Homo sapiens,"lung, oronasopharynx",2020-02,,"Severe acute respiratory syndrome coronavirus 2 isolate SARS-CoV-2/QLD05/human/2020_FSS918/AUS ORF1ab polyprotein, NSP3 region, (orf1ab) gene, partial cds"
MT111896,2020-02-26T00:00:00Z,Severe acute respiratory syndrome-related coronavirus,Betacoronavirus,Coronaviridae,569,,,,,"Northill,J.A., Huang,B., Pyke,A., De Jong,A., van den Hurk,A., Taylor,C., Warrilow,D., Genge,D., Gamez,E., Hewitson,G., Mackay,I., Sultana,I., McMahon,J., Barcelon,J., Finger,M., Simpson,N., Nair,N., Burtonclay,P., Moore,P., Wheatley,S., Moody,S., Hall-Mendelin,S., Moore,F., Pyke,A.T.",,Australia,Homo sapiens,"lung, oronasopharynx",2020-02,,"Severe acute respiratory syndrome coronavirus 2 isolate SARS-CoV-2/QLD05/human/2020_FSS918/AUS ORF3a (orf3a) and envelope protein (E) genes, partial cds"
MT106054,2020-02-24T00:00:00Z,Severe acute respiratory syndrome-related coronavirus,Betacoronavirus,Coronaviridae,29882,complete,,,,"Queen,K., Uehara,A., Zhang,J., Li,Y., Tao,Y., Paden,C.R., Wang,H., Kamili,S., Lu,X., Lynch,B., Sakthivel,S.K.K., Whitaker,B.L., Wang,L., Murray,J.R., Gerber,S.I., Lindstrom,S., Tong,S.",,USA,Homo sapiens,"lung, oronasopharynx",2020-02-11,,"Severe acute respiratory syndrome coronavirus 2 isolate 2019-nCoV/USA-TX1/2020, complete genome"
MT106053,2020-02-24T00:00:00Z,Severe acute respiratory syndrome-related coronavirus,Betacoronavirus,Coronaviridae,29882,complete,,,,"Queen,K., Uehara,A., Zhang,J., Li,Y., Tao,Y., Paden,C.R., Wang,H., Kamili,S., Lu,X., Lynch,B., Sakthivel,S.K.K., Whitaker,B.L., Wang,L., Murray,J.R., Gerber,S.I., Lindstrom,S., Tong,S.",,USA,Homo sapiens,oronasopharynx,2020-02-10,,"Severe acute respiratory syndrome coronavirus 2 isolate 2019-nCoV/USA-CA8/2020, complete genome"
MT106052,2020-02-24T00:00:00Z,Severe acute respiratory syndrome-related coronavirus,Betacoronavirus,Coronaviridae,29882,complete,,,,"Queen,K., Uehara,A., Zhang,J., Li,Y., Tao,Y., Paden,C.R., Wang,H., Kamili,S., Lu,X., Lynch,B., Sakthivel,S.K.K., Whitaker,B.L., Wang,L., Murray,J.R., Gerber,S.I., Lindstrom,S., Tong,S.",,USA,Homo sapiens,oronasopharynx,2020-02-06,,"Severe acute respiratory syndrome coronavirus 2 isolate 2019-nCoV/USA-CA7/2020, complete genome"
MT093571,2020-02-21T00:00:00Z,Severe acute respiratory syndrome-related coronavirus,Betacoronavirus,Coronaviridae,29886,complete,,,,"Bengner,M., Palmerus,M., Lindsjo,O., Lind Karlberg,M., Monteil,V., Appelberg,S., Brave,A., Muradrasoli,S., Tegmark-Wisell,K.",,Sweden,Homo sapiens,,2020-02-07,,"Severe acute respiratory syndrome coronavirus 2 isolate SARS-CoV-2/01/human/2020/SWE, complete genome"
MT093631,2020-02-21T00:00:00Z,Severe acute respiratory syndrome-related coronavirus,Betacoronavirus,Coronaviridae,29860,complete,,,,"Linlin,B., Lili,R., Shuran,G., Jiangning,L., Feifei,Q., Qi,L., Fengdi,L., Jing,X., Wei,D., Pin,Y., Yanfeng,X., Yajin,Q., Hong,G., Qiang,W., Mingya,L., Guanpeng,W., Shunyi,W., Zhiqi,S., Li,G., Lan,C., Conghui,W., Ying,W., Xinming,W., Yan,X., Qi,J., Chuan,Q.",,China,Homo sapiens,oronasopharynx,2020-01-08,,"Severe acute respiratory syndrome coronavirus 2 isolate SARS-CoV-2/WH-09/human/2020/CHN, complete genome"
MT081065,2020-02-20T00:00:00Z,Severe acute respiratory syndrome-related coronavirus,Betacoronavirus,Coronaviridae,1260,,,,,"Zhang,W.H.",,China,Homo sapiens,,2020-01-30,,"Severe acute respiratory syndrome coronavirus 2 isolate SARS-CoV-2/HS_84/human/2020/CHN nucleocapsid phosphoprotein (N) gene, complete cds"
MT081062,2020-02-20T00:00:00Z,Severe acute respiratory syndrome-related coronavirus,Betacoronavirus,Coronaviridae,1260,,,,,"Zhang,W.H.",,China,Homo sapiens,,2020-01-25,,"Severe acute respiratory syndrome coronavirus 2 isolate SARS-CoV-2/HS_38/human/2020/CHN nucleocapsid phosphoprotein (N) gene, complete cds"
MT081064,2020-02-20T00:00:00Z,Severe acute respiratory syndrome-related coronavirus,Betacoronavirus,Coronaviridae,1260,,,,,"Zhang,W.H.",,China,Homo sapiens,,2020-01-28,,"Severe acute respiratory syndrome coronavirus 2 isolate SARS-CoV-2/HS_64/human/2020/CHN nucleocapsid phosphoprotein (N) gene, complete cds"
MT081067,2020-02-20T00:00:00Z,Severe acute respiratory syndrome-related coronavirus,Betacoronavirus,Coronaviridae,1260,,,,,"Zhang,W.H.",,China,Homo sapiens,,2020-01-31,,"Severe acute respiratory syndrome coronavirus 2 isolate SARS-CoV-2/HS_92/human/2020/CHN nucleocapsid phosphoprotein (N) gene, complete cds"
MT081063,2020-02-20T00:00:00Z,Severe acute respiratory syndrome-related coronavirus,Betacoronavirus,Coronaviridae,1260,,,,,"Zhang,W.H.",,China,Homo sapiens,,2020-01-26,,"Severe acute respiratory syndrome coronavirus 2 isolate SARS-CoV-2/HS_46/human/2020/CHN nucleocapsid phosphoprotein (N) gene, complete cds"
MT081066,2020-02-20T00:00:00Z,Severe acute respiratory syndrome-related coronavirus,Betacoronavirus,Coronaviridae,1260,,,,,"Zhang,W.H.",,China,Homo sapiens,,2020-01-30,,"Severe acute respiratory syndrome coronavirus 2 isolate SARS-CoV-2/HS_86/human/2020/CHN nucleocapsid phosphoprotein (N) gene, complete cds"
MT081059,2020-02-20T00:00:00Z,Severe acute respiratory syndrome-related coronavirus,Betacoronavirus,Coronaviridae,1260,,,,,"Zhang,W.H.",,China,Homo sapiens,,2020-01-22,,"Severe acute respiratory syndrome coronavirus 2 isolate SARS-CoV-2/HS_8/human/2020/CHN nucleocapsid phosphoprotein (N) gene, complete cds"
MT081061,2020-02-20T00:00:00Z,Severe acute respiratory syndrome-related coronavirus,Betacoronavirus,Coronaviridae,1260,,,,,"Zhang,W.H.",,China,Homo sapiens,,2020-01-23,,"Severe acute respiratory syndrome coronavirus 2 isolate SARS-CoV-2/HS_18/human/2020/CHN nucleocapsid phosphoprotein (N) gene, complete cds"
MT081068,2020-02-20T00:00:00Z,Severe acute respiratory syndrome-related coronavirus,Betacoronavirus,Coronaviridae,1260,,,,,"Zhang,W.H.",,China,Homo sapiens,,2020-02-06,,"Severe acute respiratory syndrome coronavirus 2 isolate SARS-CoV-2/HS_194/human/2020/CHN nucleocapsid phosphoprotein (N) gene, complete cds"
MT081060,2020-02-20T00:00:00Z,Severe acute respiratory syndrome-related coronavirus,Betacoronavirus,Coronaviridae,1260,,,,,"Zhang,W.H.",,China,Homo sapiens,,2020-01-23,,"Severe acute respiratory syndrome coronavirus 2 isolate SARS-CoV-2/HS_17/human/2020/CHN nucleocapsid phosphoprotein (N) gene, complete cds"
MT072688,2020-02-18T00:00:00Z,Severe acute respiratory syndrome-related coronavirus,Betacoronavirus,Coronaviridae,29811,complete,,,,"Bastola,A., Sah,R., Rodriguez-Morales,A.J., Lal,B.K., Jha,R., Ojha,H.C., Shrestha,B., Chu,D.K.W., Poon,L.L.M., Costello,A., Morita,K., Pandey,B.D., Chu,D., Gu,H., Peiris,M., Poon,L.",32057299,Nepal,Homo sapiens,oronasopharynx,2020-01-13,,"Severe acute respiratory syndrome coronavirus 2 isolate SARS0CoV-2/61-TW/human/2020/ NPL, complete genome"
MT072668,2020-02-18T00:00:00Z,Severe acute respiratory syndrome-related coronavirus,Betacoronavirus,Coronaviridae,810,,,,,"Wollants,E., Vanmechelen,B., Wawina,T., Van Ranst,M., Maes,P.",,Belgium,Homo sapiens,,2020-02-03,,"Severe acute respiratory syndrome coronavirus 2 isolate SARS-CoV-2/GHB-03021/human/2020/BEL orf1ab polyprotein, RdRp region, (orf1ab) gene, partial cds"
MT072667,2020-02-18T00:00:00Z,Severe acute respiratory syndrome-related coronavirus,Betacoronavirus,Coronaviridae,670,,,,,"Wollants,E., Vanmechelen,B., Wawina,T., Van Ranst,M., Maes,P.",,Belgium,Homo sapiens,,2020-02-03,,"Severe acute respiratory syndrome coronavirus 2 isolate SARS-CoV-2/GHB-03021/human/2020/BEL orf1ab polyprotein gene, partial cds"
MT066175,2020-02-14T00:00:00Z,Severe acute respiratory syndrome-related coronavirus,Betacoronavirus,Coronaviridae,29870,complete,,,,"Yeh,S.-H., Lin,Y.-Y., Lai,Y.-Y., Li,C.-L., Chang,S.-C., Chen,P.-J., Chang,S.-Y.",,Taiwan,Homo sapiens,,2020-01-31,,"Severe acute respiratory syndrome coronavirus 2 isolate SARS-CoV-2/NTU01/2020/TWN, complete genome"
MT066159,2020-02-14T00:00:00Z,Severe acute respiratory syndrome-related coronavirus,Betacoronavirus,Coronaviridae,290,,,,,"Yu Kie,C., Norazimah,T., Rehan Shuhada,A.B., Selvanesan,S., Noorliza,M.N., Hani,M.H.",,Malaysia,Homo sapiens,oronasopharynx,2020-01-24,,"Severe acute respiratory syndrome coronavirus 2 isolate SARS-CoV-2/CL5049/human/2020/MYS orf1ab polyprotein, RdRp region, (orf1ab) gene, partial cds"
MT066176,2020-02-14T00:00:00Z,Severe acute respiratory syndrome-related coronavirus,Betacoronavirus,Coronaviridae,29870,complete,,,,"Yeh,S.-H., Lin,Y.-Y., Lai,Y.-Y., Li,C.-L., Chang,S.-C., Chen,P.-J., Chang,S.-Y.",,Taiwan,Homo sapiens,,2020-02-05,,"Severe acute respiratory syndrome coronavirus 2 isolate SARS-CoV-2/NTU02/2020/TWN, complete genome"
MT066157,2020-02-14T00:00:00Z,Severe acute respiratory syndrome-related coronavirus,Betacoronavirus,Coronaviridae,290,,,,,"Yu Kie,C., Norazimah,T., Rehan Shuhada,A.B., Selvanesan,S., Noorliza,M.N., Hani,M.H.",,Malaysia,Homo sapiens,oronasopharynx,2020-01-24,,"Severe acute respiratory syndrome coronavirus 2 isolate SARS-CoV-2/CL5045/human/2020/MYS orf1ab polyprotein, RdRp region, (orf1ab) gene, partial cds"
MT066158,2020-02-14T00:00:00Z,Severe acute respiratory syndrome-related coronavirus,Betacoronavirus,Coronaviridae,290,,,,,"Yu Kie,C., Norazimah,T., Rehan Shuhada,A.B., Selvanesan,S., Noorliza,M.N., Hani,M.H.",,Malaysia,Homo sapiens,oronasopharynx,2020-01-24,,"Severe acute respiratory syndrome coronavirus 2 isolate SARS-CoV-2/CL5047/human/2020/MYS orf1ab polyprotein, RdRp region, (orf1ab) gene, partial cds"
LC523809,2020-02-13T00:00:00Z,Severe acute respiratory syndrome-related coronavirus,Betacoronavirus,Coronaviridae,357,,,,,"Mercado,E.S., Manalo,J.I., Nicolasora,A.D., Medado,I.P., Tujan,M.A., Onza,O.T., Cruz,K.M., Polotan,F.M.",,Philippines,Homo sapiens,,2020-01-23,,"Severe acute respiratory syndrome coronavirus 2 2019-nCoV_PH_nCOV_20_022 N gene for nucleocapsid phosphoprotein, partial cds"
LC523807,2020-02-13T00:00:00Z,Severe acute respiratory syndrome-related coronavirus,Betacoronavirus,Coronaviridae,357,,,,,"Mercado,E.S., Manalo,J.I., Nicolasora,A.D., Medado,I.P., Tujan,M.A., Onza,O.T., Cruz,K.M., Polotan,F.M.",,Philippines,Homo sapiens,,2020-02-06,,"Severe acute respiratory syndrome coronavirus 2 2019-nCoV_PH_nCOV_20_026 N gene for nucleocapsid phosphoprotein, partial cds"
LC523808,2020-02-13T00:00:00Z,Severe acute respiratory syndrome-related coronavirus,Betacoronavirus,Coronaviridae,357,,,,,"Mercado,E.S., Manalo,J.I., Nicolasora,A.D., Medado,I.P., Tujan,M.A., Onza,O.T., Cruz,K.M., Polotan,F.M.",,Philippines,Homo sapiens,,2020-01-26,,"Severe acute respiratory syndrome coronavirus 2 2019-nCoV_PH_nCOV_20_025 N gene for nucleocapsid phosphoprotein, partial cds"
MT042774,2020-02-12T00:00:00Z,Severe acute respiratory syndrome-related coronavirus,Betacoronavirus,Coronaviridae,294,,,,,"Liu,W., Zhang,Q., Song,H., Xiang,R., Sun,Z., Liu,Y.",,China,Homo sapiens,swab,2020-01,,"Severe acute respiratory syndrome coronavirus 2 isolate SARS-CoV-2/Tongji-02/human/2020/Wuhan orf1ab polyprotein, RNA-dependent RNA polymerase region, gene, partial cds"
MT042778,2020-02-12T00:00:00Z,Severe acute respiratory syndrome-related coronavirus,Betacoronavirus,Coronaviridae,294,,,,,"Liu,W., Zhang,Q., Song,H., Xiang,R., Sun,Z., Liu,Y.",,China,Homo sapiens,swab,2020-01,,"Severe acute respiratory syndrome coronavirus 2 isolate SARS-CoV-2/Tongji-06/human/2020/Wuhan orf1ab polyprotein, RNA-dependent RNA polymerase region, gene, partial cds"
MT044257,2020-02-12T00:00:00Z,Severe acute respiratory syndrome-related coronavirus,Betacoronavirus,Coronaviridae,29882,complete,,,,"Li,Y., Zhang,J., Queen,K., Tao,Y., Uehara,A., Paden,C.R., Lu,X., Lynch,B., Sakthivel,S.K.K., Whitaker,B.L., Kamili,S., Wang,L., Murray,J.R., Gerber,S.I., Lindstrom,S., Tong,S.",,USA,Homo sapiens,"lung, oronasopharynx",2020-01-28,,"Severe acute respiratory syndrome coronavirus 2 isolate 2019-nCoV/USA-IL2/2020, complete genome"
MT042775,2020-02-12T00:00:00Z,Severe acute respiratory syndrome-related coronavirus,Betacoronavirus,Coronaviridae,294,,,,,"Liu,W., Zhang,Q., Song,H., Xiang,R., Sun,Z., Liu,Y.",,China,Homo sapiens,swab,2020-01,,"Severe acute respiratory syndrome coronavirus 2 isolate SARS-CoV-2/Tongji-03/human/2020/Wuhan orf1ab polyprotein, RNA-dependent RNA polymerase region, gene, partial cds"
MT049951,2020-02-12T00:00:00Z,Severe acute respiratory syndrome-related coronavirus,Betacoronavirus,Coronaviridae,29903,complete,,,,"Fu,X., Li,D., Sun,Y.",,China,Homo sapiens,"lung, oronasopharynx",2020-01-17,,"Severe acute respiratory syndrome coronavirus 2 isolate SARS-CoV-2/Yunnan-01/human/2020/CHN, complete genome"
MT044258,2020-02-12T00:00:00Z,Severe acute respiratory syndrome-related coronavirus,Betacoronavirus,Coronaviridae,29858,complete,,,,"Zhang,J., Queen,K., Li,Y., Tao,Y., Uehara,A., Paden,C.R., Lu,X., Lynch,B., Sakthivel,S.K.K., Whitaker,B.L., Kamili,S., Wang,L., Murray,J.R., Gerber,S.I., Lindstrom,S., Tong,S.",,USA,Homo sapiens,oronasopharynx,2020-01-27,,"Severe acute respiratory syndrome coronavirus 2 isolate 2019-nCoV/USA-CA6/2020, complete genome"
MT050416,2020-02-12T00:00:00Z,Severe acute respiratory syndrome-related coronavirus,Betacoronavirus,Coronaviridae,562,,,,,"Northill,J.A., Huang,B., Pyke,A., De Jong,A., van den Hurk,A., Taylor,C., Warrilow,D., Genge,D., Gamez,E., Hewitson,G., Mackay,I., Sultana,I., McMahon,J., Barcelon,J., Finger,M., Simpson,N., Nair,N., Burtonclay,P., Moore,P., Wheatley,S., Moody,S., Hall-Mendelin,S., Gardam,T., Moore,F.",,Australia,Homo sapiens,oronasopharynx,2020-02,,"Severe acute respiratory syndrome coronavirus 2 isolate SARS-CoV-2/QLD03/human/2020_FSS917/AUS ORF1ab polyprotein, RdRp region, gene, partial cds"
MT042777,2020-02-12T00:00:00Z,Severe acute respiratory syndrome-related coronavirus,Betacoronavirus,Coronaviridae,294,,,,,"Liu,W., Zhang,Q., Song,H., Xiang,R., Sun,Z., Liu,Y.",,China,Homo sapiens,swab,2020-01,,"Severe acute respiratory syndrome coronavirus 2 isolate SARS-CoV-2/Tongji-05/human/2020/Wuhan orf1ab polyprotein, RNA-dependent RNA polymerase region, gene, partial cds"
MT050417,2020-02-12T00:00:00Z,Severe acute respiratory syndrome-related coronavirus,Betacoronavirus,Coronaviridae,562,,,,,"Northill,J.A., Huang,B., Pyke,A., De Jong,A., van den Hurk,A., Taylor,C., Warrilow,D., Genge,D., Gamez,E., Hewitson,G., Mackay,I., Sultana,I., McMahon,J., Barcelon,J., Finger,M., Simpson,N., Nair,N., Burtonclay,P., Moore,P., Wheatley,S., Moody,S., Hall-Mendelin,S., Gardam,T., Moore,F.",,Australia,Homo sapiens,"lung, oronasopharynx",2020-02,,"Severe acute respiratory syndrome coronavirus 2 isolate SARS-CoV-2/QLD05/human/2020_FSS918/AUS ORF1ab polyprotein, RdRp region, gene, partial cds"
MT042776,2020-02-12T00:00:00Z,Severe acute respiratory syndrome-related coronavirus,Betacoronavirus,Coronaviridae,294,,,,,"Liu,W., Zhang,Q., Song,H., Xiang,R., Sun,Z., Liu,Y.",,China,Homo sapiens,swab,2020-01,,"Severe acute respiratory syndrome coronavirus 2 isolate SARS-CoV-2/Tongji-04/human/2020/Wuhan orf1ab polyprotein, RNA-dependent RNA polymerase region, gene, partial cds"
MT050414,2020-02-12T00:00:00Z,Severe acute respiratory syndrome-related coronavirus,Betacoronavirus,Coronaviridae,562,,,,,"Northill,J.A., Huang,B., Pyke,A., De Jong,A., van den Hurk,A., Taylor,C., Warrilow,D., Genge,D., Gamez,E., Hewitson,G., Mackay,I., Sultana,I., McMahon,J., Barcelon,J., Finger,M., Simpson,N., Nair,N., Burtonclay,P., Moore,P., Wheatley,S., Moody,S., Hall-Mendelin,S., Gardam,T., Moore,F.",,Australia,Homo sapiens,oronasopharynx,2020-01,,"Severe acute respiratory syndrome coronavirus 2 isolate SARS-CoV-2/QLD01/human/2020_FSS915/AUS ORF1ab polyprotein, RdRp region, gene, partial cds"
MT050415,2020-02-12T00:00:00Z,Severe acute respiratory syndrome-related coronavirus,Betacoronavirus,Coronaviridae,562,,,,,"Northill,J.A., Huang,B., Pyke,A., De Jong,A., van den Hurk,A., Taylor,C., Warrilow,D., Genge,D., Gamez,E., Hewitson,G., Mackay,I., Sultana,I., McMahon,J., Barcelon,J., Finger,M., Simpson,N., Nair,N., Burtonclay,P., Moore,P., Wheatley,S., Moody,S., Hall-Mendelin,S., Gardam,T., Moore,F.",,Australia,Homo sapiens,oronasopharynx,2020-01,,"Severe acute respiratory syndrome coronavirus 2 isolate SARS-CoV-2/QLD02/human/2020_FSS916/AUS ORF1ab polyprotein, RdRp region, gene, partial cds"
MT042773,2020-02-12T00:00:00Z,Severe acute respiratory syndrome-related coronavirus,Betacoronavirus,Coronaviridae,294,,,,,"Liu,W., Zhang,Q., Song,H., Xiang,R., Sun,Z., Liu,Y.",,China,Homo sapiens,swab,2020-01,,"Severe acute respiratory syndrome coronavirus 2 isolate SARS-CoV-2/Tongji-01/human/2020/CHN orf1ab polyprotein, RNA-dependent RNA polymerase region, gene, partial cds"
MT039888,2020-02-11T00:00:00Z,Severe acute respiratory syndrome-related coronavirus,Betacoronavirus,Coronaviridae,29882,complete,,,,"Paden,C.R., Zhang,J., Queen,K., Li,Y., Tao,Y., Uehara,A., Lu,X., Lynch,B., Sakthivel,S.K.K., Whitaker,B.L., Kamili,S., Wang,L., Murray,J.R., Gerber,S.I., Lindstrom,S., Tong,S.",,USA,Homo sapiens,oronasopharynx,2020-01-29,,"Severe acute respiratory syndrome coronavirus 2 isolate 2019-nCoV/USA-MA1/2020, complete genome"
MT039873,2020-02-11T00:00:00Z,Severe acute respiratory syndrome-related coronavirus,Betacoronavirus,Coronaviridae,29833,complete,,,,"Yu,H., Li,J., Yu,X., Wang,H., Pan,J.",,China,Homo sapiens,"lung, oronasopharynx",2020-01-20,,"Severe acute respiratory syndrome coronavirus 2 isolate HZ-1, complete genome"
MT039887,2020-02-11T00:00:00Z,Severe acute respiratory syndrome-related coronavirus,Betacoronavirus,Coronaviridae,29879,complete,,,,"Zhang,J., Uehara,A., Queen,K., Li,Y., Tao,Y., Paden,C.R., Lu,X., Lynch,B., Sakthivel,S.K.K., Whitaker,B.L., Kamili,S., Wang,L., Murray,J.R., Gerber,S.I., Lindstrom,S., Tong,S.",,USA,Homo sapiens,oronasopharynx,2020-01-31,,"Severe acute respiratory syndrome coronavirus 2 isolate 2019-nCoV/USA-WI1/2020, complete genome"
MT039890,2020-02-11T00:00:00Z,Severe acute respiratory syndrome-related coronavirus,Betacoronavirus,Coronaviridae,29903,complete,,,,"Park,W.B., Kwon,N.-J., Choi,S.-J., Kang,C.K., Choe,P.G., Kim,J.Y., Yun,J., Lee,G.-W., Seong,M.-W., Kim,N., Seo,J.-S., Oh,M.-D.",,South Korea,Homo sapiens,,2020-01,,"Severe acute respiratory syndrome coronavirus 2 isolate SNU01, complete genome"
LC522350,2020-02-08T00:00:00Z,Severe acute respiratory syndrome-related coronavirus,Betacoronavirus,Coronaviridae,182,,,,,"Nicolasora,A.D., Mercado,E.S., Polotan,F.M., Manalo,J.G., Medado,I.P., Tujan,M.A., Onza,O.T., Cruz,K.M.",,Philippines,Homo sapiens,,2020-01-26,,"Severe acute respiratory syndrome coronavirus 2 2019-nCoV_PH_nCOV_20_026 orf1ab gene for orf1ab polyprotein, partial cds"
MT027063,2020-02-07T00:00:00Z,Severe acute respiratory syndrome-related coronavirus,Betacoronavirus,Coronaviridae,29882,complete,,,,"Queen,K., Zhang,J., Li,Y., Tao,Y., Uehara,A., Paden,C.R., Lu,X., Lynch,B., Sakthivel,S.K.K., Whitaker,B.L., Kamili,S., Wang,L., Murray,J.R., Gerber,S.I., Lindstrom,S., Tong,S.",,USA,Homo sapiens,oronasopharynx,2020-01-29,,"Severe acute respiratory syndrome coronavirus 2 isolate 2019-nCoV/USA-CA4/2020, complete genome"
MT027064,2020-02-07T00:00:00Z,Severe acute respiratory syndrome-related coronavirus,Betacoronavirus,Coronaviridae,29882,complete,,,,"Tao,Y., Queen,K., Zhang,J., Li,Y., Uehara,A., Paden,C.R., Lu,X., Lynch,B., Sakthivel,S.K.K., Whitaker,B.L., Kamili,S., Wang,L., Murray,J.R., Gerber,S.I., Lindstrom,S., Tong,S.",,USA,Homo sapiens,oronasopharynx,2020-01-29,,"Severe acute respiratory syndrome coronavirus 2 isolate 2019-nCoV/USA-CA5/2020, complete genome"
MT027062,2020-02-07T00:00:00Z,Severe acute respiratory syndrome-related coronavirus,Betacoronavirus,Coronaviridae,29882,complete,,,,"Queen,K., Zhang,J., Li,Y., Tao,Y., Uehara,A., Paden,C.R., Lu,X., Lynch,B., Sakthivel,S.K.K., Whitaker,B.L., Kamili,S., Wang,L., Murray,J.R., Gerber,S.I., Lindstrom,S., Tong,S.",,USA,Homo sapiens,oronasopharynx,2020-01-29,,"Severe acute respiratory syndrome coronavirus 2 isolate 2019-nCoV/USA-CA3/2020, complete genome"
MT019529,2020-02-05T00:00:00Z,Severe acute respiratory syndrome-related coronavirus,Betacoronavirus,Coronaviridae,29899,complete,,,,"Ren,L., Wang,J., Jin,Q., Xiang,Z., Li,Y., Wu,Z., Wu,C., Liu,Y.",,China,Homo sapiens,lung,2019-12-23,,"Severe acute respiratory syndrome coronavirus 2 isolate BetaCoV/Wuhan/IPBCAMS-WH-01/2019, complete genome"
MT020880,2020-02-05T00:00:00Z,Severe acute respiratory syndrome-related coronavirus,Betacoronavirus,Coronaviridae,29882,complete,,,,"Queen,K., Tamin,A., Harcourt,J., Tao,Y., Paden,C.R., Zhang,J., Li,Y., Uehara,A., Lu,X., Kamili,S., Gautam,R., Wang,H., Murray,J.R., Gerber,S.I., Lindstrom,S., Thornburg,N., Tong,S.",,USA,Homo sapiens,oronasopharynx,2020-01-25,,"Severe acute respiratory syndrome coronavirus 2 isolate 2019-nCoV/USA-WA1-A12/2020, complete genome"
MT019530,2020-02-05T00:00:00Z,Severe acute respiratory syndrome-related coronavirus,Betacoronavirus,Coronaviridae,29889,complete,,,,"Ren,L., Wang,J., Jin,Q., Xiang,Z., Wu,Z., Wu,C., Liu,Y., Yang,J., Liu,B.",,China,Homo sapiens,lung,2019-12-30,,"Severe acute respiratory syndrome coronavirus 2 isolate BetaCoV/Wuhan/IPBCAMS-WH-02/2019, complete genome"
MT019532,2020-02-05T00:00:00Z,Severe acute respiratory syndrome-related coronavirus,Betacoronavirus,Coronaviridae,29890,complete,,,,"Ren,L., Wang,J., Jin,Q., Xiang,Z., Wu,Z., Wu,C., Liu,Y., Yang,J., Liu,B.",,China,Homo sapiens,lung,2019-12-30,,"Severe acute respiratory syndrome coronavirus 2 isolate BetaCoV/Wuhan/IPBCAMS-WH-04/2019, complete genome"
MT019533,2020-02-05T00:00:00Z,Severe acute respiratory syndrome-related coronavirus,Betacoronavirus,Coronaviridae,29883,complete,,,,"Ren,L., Wang,J., Jin,Q., Xiang,Z., Wu,Z., Wu,C., Liu,Y., Yang,J., Liu,B., Li,M.",,China,Homo sapiens,lung,2020-01-01,,"Severe acute respiratory syndrome coronavirus 2 isolate BetaCoV/Wuhan/IPBCAMS-WH-05/2020, complete genome"
MT020881,2020-02-05T00:00:00Z,Severe acute respiratory syndrome-related coronavirus,Betacoronavirus,Coronaviridae,29882,complete,,,,"Queen,K., Tamin,A., Harcourt,J., Tao,Y., Paden,C.R., Zhang,J., Li,Y., Uehara,A., Lu,X., Kamili,S., Gautam,R., Wang,H., Murray,J.R., Gerber,S.I., Lindstrom,S., Thornburg,N., Tong,S.",,USA,Homo sapiens,oronasopharynx,2020-01-25,,"Severe acute respiratory syndrome coronavirus 2 isolate 2019-nCoV/USA-WA1-F6/2020, complete genome"
MT019531,2020-02-05T00:00:00Z,Severe acute respiratory syndrome-related coronavirus,Betacoronavirus,Coronaviridae,29899,complete,,,,"Ren,L., Wang,J., Jin,Q., Xiang,Z., Wu,Z., Wu,C., Liu,Y., Yang,J., Liu,B.",,China,Homo sapiens,lung,2019-12-30,,"Severe acute respiratory syndrome coronavirus 2 isolate BetaCoV/Wuhan/IPBCAMS-WH-03/2019, complete genome"
MT020781,2020-02-05T00:00:00Z,Severe acute respiratory syndrome-related coronavirus,Betacoronavirus,Coronaviridae,29847,,,,,"Smura,T., Kuivanen,S., Broas,M., Peltola,J., Kallio-Kokko,H., Vapalahti,O.",,Finland,Homo sapiens,,2020-01-29,,"Severe acute respiratory syndrome coronavirus 2 isolate nCoV-FIN-29-Jan-2020, partial genome"
LR757997,2020-02-01T00:00:00Z,Severe acute respiratory syndrome-related coronavirus,Betacoronavirus,Coronaviridae,29388,,,,,"Hunter,C., Wei,X.",,China,Homo sapiens,,2019-12-31,SAMEA6507891,"Wuhan seafood market pneumonia virus genome assembly, chromosome: whole_genome"
LR757995,2020-02-01T00:00:00Z,Severe acute respiratory syndrome-related coronavirus,Betacoronavirus,Coronaviridae,29872,,,,,"Hunter,C., Wei,X.",,China,Homo sapiens,,2019-12-26,SAMEA6507893,"Wuhan seafood market pneumonia virus genome assembly, chromosome: whole_genome"
LR757996,2020-02-01T00:00:00Z,Severe acute respiratory syndrome-related coronavirus,Betacoronavirus,Coronaviridae,29868,,,,,"Hunter,C., Wei,X.",,China,Homo sapiens,,2020-01-01,SAMEA6507892,"Wuhan seafood market pneumonia virus genome assembly, chromosome: whole_genome"
LR757998,2020-02-01T00:00:00Z,Severe acute respiratory syndrome-related coronavirus,Betacoronavirus,Coronaviridae,29866,,,,,"Hunter,C., Wei,X.",,China,Homo sapiens,,2019-12-26,SAMEA6507890,"Wuhan seafood market pneumonia virus genome assembly, chromosome: whole_genome"
MT008022,2020-01-31T00:00:00Z,Severe acute respiratory syndrome-related coronavirus,Betacoronavirus,Coronaviridae,322,,,,,"Capobianchi,M.R., Carletti,F., Lalle,E., Bordi,L., Marsella,P., Colavita,F., Matusali,G., Nicastri,E., Ippolito,G., Castilletti,C.",,Italy,Homo sapiens,oronasopharynx,2020-01,,"Severe acute respiratory syndrome coronavirus 2 isolate 2019 nCoV/Italy-INMI1 membrane glycoprotein (M) gene, partial cds"
MT007544,2020-01-31T00:00:00Z,Severe acute respiratory syndrome-related coronavirus,Betacoronavirus,Coronaviridae,29893,complete,,,,"Caly,L., Seemann,T., Schultz,M., Druce,J., Taiaroa,G.",,Australia,Homo sapiens,,2020-01-25,,"Severe acute respiratory syndrome coronavirus 2 isolate Australia/VIC01/2020, complete genome"
MT008023,2020-01-31T00:00:00Z,Severe acute respiratory syndrome-related coronavirus,Betacoronavirus,Coronaviridae,322,,,,,"Capobianchi,M.R., Lalle,E., Carletti,F., Bordi,L., Marsella,P., Colavita,F., Matusali,G., Nicastri,E., Ippolito,G., Castilletti,C.",,Italy,Homo sapiens,oronasopharynx,2020-01,,"Severe acute respiratory syndrome coronavirus 2 isolate 2019 nCoV/Italy-INMI2 membrane glycoprotein (M) gene, partial cds"
MN996527,2020-01-29T00:00:00Z,Severe acute respiratory syndrome-related coronavirus,Betacoronavirus,Coronaviridae,29825,complete,,,,"Zhou,P., Yang,X.L., Wang,X.G., Zhang,L., Zhu,Y., Si,H.R., Shi,Z.L.",,China,Homo sapiens,lung,2019-12-30,,"Severe acute respiratory syndrome coronavirus 2 isolate WIV02, complete genome"
MN996531,2020-01-29T00:00:00Z,Severe acute respiratory syndrome-related coronavirus,Betacoronavirus,Coronaviridae,29857,complete,,,,"Zhou,P., Yang,X.L., Wang,X.G., Zhang,L., Zhu,Y., Si,H.R., Shi,Z.L.",,China,Homo sapiens,lung,2019-12-30,,"Severe acute respiratory syndrome coronavirus 2 isolate WIV07, complete genome"
MN996528,2020-01-29T00:00:00Z,Severe acute respiratory syndrome-related coronavirus,Betacoronavirus,Coronaviridae,29891,complete,,,,"Zhou,P., Yang,X.L., Wang,X.G., Zhang,L., Zhu,Y., Si,H.R., Shi,Z.L.",,China,Homo sapiens,lung,2019-12-30,,"Severe acute respiratory syndrome coronavirus 2 isolate WIV04, complete genome"
MN996530,2020-01-29T00:00:00Z,Severe acute respiratory syndrome-related coronavirus,Betacoronavirus,Coronaviridae,29854,complete,,,,"Zhou,P., Yang,X.L., Wang,X.G., Zhang,L., Zhu,Y., Si,H.R., Shi,Z.L.",,China,Homo sapiens,lung,2019-12-30,,"Severe acute respiratory syndrome coronavirus 2 isolate WIV06, complete genome"
MN996529,2020-01-29T00:00:00Z,Severe acute respiratory syndrome-related coronavirus,Betacoronavirus,Coronaviridae,29852,complete,,,,"Zhou,P., Yang,X.L., Wang,X.G., Zhang,L., Zhu,Y., Si,H.R., Shi,Z.L.",,China,Homo sapiens,lung,2019-12-30,,"Severe acute respiratory syndrome coronavirus 2 isolate WIV05, complete genome"
MN988668,2020-01-28T00:00:00Z,Severe acute respiratory syndrome-related coronavirus,Betacoronavirus,Coronaviridae,29881,complete,,,,"Chen,L., Liu,W., Zhang,Q., Xu,K., Ye,G., Wu,W., Sun,Z., Liu,F., Wu,K., Mei,Y., Zhang,W., Chen,Y., Li,Y., Shi,M., Lan,K., Liu,Y.",,China,Homo sapiens,,2020-01-02,,"Severe acute respiratory syndrome coronavirus 2 isolate 2019-nCoV WHU01, complete genome"
MN997409,2020-01-28T00:00:00Z,Severe acute respiratory syndrome-related coronavirus,Betacoronavirus,Coronaviridae,29882,complete,,,,"Tao,Y., Paden,C.R., Queen,K., Uehara,A., Li,Y., Zhang,J., Lu,X., Lynch,B., Sakthivel,S.K.K., Whitaker,B.L., Kamili,S., Wang,L., Murray,J.R., Gerber,S.I., Lindstrom,S., Tong,S.",,USA,Homo sapiens,feces,2020-01-22,,"Severe acute respiratory syndrome coronavirus 2 isolate 2019-nCoV/USA-AZ1/2020, complete genome"
MN994467,2020-01-28T00:00:00Z,Severe acute respiratory syndrome-related coronavirus,Betacoronavirus,Coronaviridae,29882,complete,,,,"Uehara,A., Queen,K., Tao,Y., Li,Y., Paden,C.R., Zhang,J., Lu,X., Lynch,B., Sakthivel,S.K.K., Whitaker,B.L., Kamili,S., Wang,L., Murray,J.R., Gerber,S.I., Lindstrom,S., Tong,S.",,USA,Homo sapiens,oronasopharynx,2020-01-23,,"Severe acute respiratory syndrome coronavirus 2 isolate 2019-nCoV/USA-CA1/2020, complete genome"
MN988669,2020-01-28T00:00:00Z,Severe acute respiratory syndrome-related coronavirus,Betacoronavirus,Coronaviridae,29881,complete,,,,"Chen,L., Liu,W., Zhang,Q., Xu,K., Ye,G., Wu,W., Sun,Z., Liu,F., Wu,K., Mei,Y., Zhang,W., Chen,Y., Li,Y., Shi,M., Lan,K., Liu,Y.",,China,Homo sapiens,,2020-01-02,,"Severe acute respiratory syndrome coronavirus 2 isolate 2019-nCoV WHU02, complete genome"
MN994468,2020-01-28T00:00:00Z,Severe acute respiratory syndrome-related coronavirus,Betacoronavirus,Coronaviridae,29883,complete,,,,"Uehara,A., Queen,K., Tao,Y., Li,Y., Paden,C.R., Zhang,J., Lu,X., Lynch,B., Sakthivel,S.K.K., Whitaker,B.L., Kamili,S., Wang,L., Murray,J.R., Gerber,S.I., Lindstrom,S., Tong,S.",,USA,Homo sapiens,oronasopharynx,2020-01-22,,"Severe acute respiratory syndrome coronavirus 2 isolate 2019-nCoV/USA-CA2/2020, complete genome"
MN988713,2020-01-25T00:00:00Z,Severe acute respiratory syndrome-related coronavirus,Betacoronavirus,Coronaviridae,29882,complete,,,,"Tao,Y., Queen,K., Paden,C.R., Zhang,J., Li,Y., Uehara,A., Lu,X., Lynch,B., Sakthivel,S.K.K., Whitaker,B.L., Kamili,S., Wang,L., Murray,J.R., Gerber,S.I., Lindstrom,S., Tong,S.",,USA,Homo sapiens,"lung, oronasopharynx",2020-01-21,,"Severe acute respiratory syndrome coronavirus 2 isolate 2019-nCoV/USA-IL1/2020, complete genome"
MN975263,2020-01-24T00:00:00Z,Severe acute respiratory syndrome-related coronavirus,Betacoronavirus,Coronaviridae,287,,,,,"Chan,J.F.-W., Yuan,S., Kok,K.H., To,K.K.-W., Chu,H., Yang,J., Xing,F., Liu,J., Yip,C.C.-Y., Poon,R.W.-S., Tsai,H.W., Lo,S.K.-F., Chan,K.H., Poon,V.K.-M., Chan,W.M., Ip,J.D., Cai,J.P., Cheng,V.C.-C., Chen,H., Hui,C.K.-M., Yuen,K.Y., Chan,J.F.W., Yuen,K.-Y.",,China,Homo sapiens,oronasopharynx,2020-01,,"Severe acute respiratory syndrome coronavirus 2 isolate 2019-nCoV_HKU-SZ-007a_2020 ORF1ab polyprotein, RdRp region, (orf1ab) gene, partial cds"
MN975262,2020-01-24T00:00:00Z,Severe acute respiratory syndrome-related coronavirus,Betacoronavirus,Coronaviridae,29891,complete,,,,"Chan,J.F.-W., Yuan,S., Kok,K.H., To,K.K.-W., Chu,H., Yang,J., Xing,F., Liu,J., Yip,C.C.-Y., Poon,R.W.-S., Tsai,H.W., Lo,S.K.-F., Chan,K.H., Poon,V.K.-M., Chan,W.M., Ip,J.D., Cai,J.P., Cheng,V.C.-C., Chen,H., Hui,C.K.-M., Yuen,K.Y., Chan,J.F.W., Yuen,K.-Y.",,China,Homo sapiens,"lung, oronasopharynx",2020-01-11,,"Severe acute respiratory syndrome coronavirus 2 isolate 2019-nCoV_HKU-SZ-005b_2020, complete genome"
MN938384,2020-01-24T00:00:00Z,Severe acute respiratory syndrome-related coronavirus,Betacoronavirus,Coronaviridae,29838,complete,,,,"Chan,J.F.-W., Yuan,S., Kok,K.H., To,K.K.-W., Chu,H., Yang,J., Xing,F., Liu,J., Yip,C.C.-Y., Poon,R.W.-S., Tsai,H.W., Lo,S.K.-F., Chan,K.H., Poon,V.K.-M., Chan,W.M., Ip,J.D., Cai,J.P., Cheng,V.C.-C., Chen,H., Hui,C.K.-M., Yuen,K.Y., Chan,J.F.W., Yuen,K.-Y.",,China,Homo sapiens,oronasopharynx,2020-01-10,,"Severe acute respiratory syndrome coronavirus 2 isolate 2019-nCoV_HKU-SZ-002a_2020, complete genome"
MN975268,2020-01-24T00:00:00Z,Severe acute respiratory syndrome-related coronavirus,Betacoronavirus,Coronaviridae,107,,,,,"Chan,J.F.-W., Yuan,S., Kok,K.H., To,K.K.-W., Chu,H., Yang,J., Xing,F., Liu,J., Yip,C.C.-Y., Poon,R.W.-S., Tsai,H.W., Lo,S.K.-F., Chan,K.H., Poon,V.K.-M., Chan,W.M., Ip,J.D., Cai,J.P., Cheng,V.C.-C., Chen,H., Hui,C.K.-M., Yuen,K.Y., Chan,J.F.W., Yuen,K.-Y.",,China,Homo sapiens,"lung, oronasopharynx",2020-01,,"Severe acute respiratory syndrome coronavirus 2 isolate 2019-nCoV_HKU-SZ-007c_2020 surface glycoprotein (S) gene, partial cds"
MN975265,2020-01-24T00:00:00Z,Severe acute respiratory syndrome-related coronavirus,Betacoronavirus,Coronaviridae,287,,,,,"Chan,J.F.-W., Yuan,S., Kok,K.H., To,K.K.-W., Chu,H., Yang,J., Xing,F., Liu,J., Yip,C.C.-Y., Poon,R.W.-S., Tsai,H.W., Lo,S.K.-F., Chan,K.H., Poon,V.K.-M., Chan,W.M., Ip,J.D., Cai,J.P., Cheng,V.C.-C., Chen,H., Hui,C.K.-M., Yuen,K.Y., Chan,J.F.W., Yuen,K.-Y.",,China,Homo sapiens,"lung, oronasopharynx",2020-01,,"Severe acute respiratory syndrome coronavirus 2 isolate 2019-nCoV_HKU-SZ-007c_2020 ORF1ab polyprotein, RdRp region, (orf1ab) gene, partial cds"
MN938387,2020-01-24T00:00:00Z,Severe acute respiratory syndrome-related coronavirus,Betacoronavirus,Coronaviridae,107,,,,,"Chan,J.F.-W., Yuan,S., Kok,K.H., To,K.K.-W., Chu,H., Yang,J., Xing,F., Liu,J., Yip,C.C.-Y., Poon,R.W.-S., Tsai,H.W., Lo,S.K.-F., Chan,K.H., Poon,V.K.-M., Chan,W.M., Ip,J.D., Cai,J.P., Cheng,V.C.-C., Chen,H., Hui,C.K.-M., Yuen,K.Y., Chan,J.F.W., Yuen,K.-Y.",,China,Homo sapiens,oronasopharynx,2020-01,,"Severe acute respiratory syndrome coronavirus 2 isolate 2019-nCoV_HKU-SZ-001_2020 surface glycoprotein (S) gene, partial cds"
MN985325,2020-01-24T00:00:00Z,Severe acute respiratory syndrome-related coronavirus,Betacoronavirus,Coronaviridae,29882,complete,,,,"Queen,K., Tao,Y., Li,Y., Paden,C.R., Lu,X., Lynch,B., Zhang,J., Gerber,S.I., Lindstrom,S., Tong,S.",,USA,Homo sapiens,oronasopharynx,2020-01-19,,"Severe acute respiratory syndrome coronavirus 2 isolate 2019-nCoV/USA-WA1/2020, complete genome"
MN938388,2020-01-24T00:00:00Z,Severe acute respiratory syndrome-related coronavirus,Betacoronavirus,Coronaviridae,107,,,,,"Chan,J.F.-W., Yuan,S., Kok,K.H., To,K.K.-W., Chu,H., Yang,J., Xing,F., Liu,J., Yip,C.C.-Y., Poon,R.W.-S., Tsai,H.W., Lo,S.K.-F., Chan,K.H., Poon,V.K.-M., Chan,W.M., Ip,J.D., Cai,J.P., Cheng,V.C.-C., Chen,H., Hui,C.K.-M., Yuen,K.Y., Chan,J.F.W., Yuen,K.-Y.",,China,Homo sapiens,blood,2020-01,,"Severe acute respiratory syndrome coronavirus 2 isolate 2019-nCoV_HKU-SZ-002b_2020 surface glycoprotein (S) gene, partial cds"
MN938390,2020-01-24T00:00:00Z,Severe acute respiratory syndrome-related coronavirus,Betacoronavirus,Coronaviridae,107,,,,,"Chan,J.F.-W., Yuan,S., Kok,K.H., To,K.K.-W., Chu,H., Yang,J., Xing,F., Liu,J., Yip,C.C.-Y., Poon,R.W.-S., Tsai,H.W., Lo,S.K.-F., Chan,K.H., Poon,V.K.-M., Chan,W.M., Ip,J.D., Cai,J.P., Cheng,V.C.-C., Chen,H., Hui,C.K.-M., Yuen,K.Y., Chan,J.F.W., Yuen,K.-Y.",,China,Homo sapiens,oronasopharynx,2020-01,,"Severe acute respiratory syndrome coronavirus 2 isolate 2019-nCoV_HKU-SZ-005_2020 surface glycoprotein (S) gene, partial cds"
MN938389,2020-01-24T00:00:00Z,Severe acute respiratory syndrome-related coronavirus,Betacoronavirus,Coronaviridae,107,,,,,"Chan,J.F.-W., Yuan,S., Kok,K.H., To,K.K.-W., Chu,H., Yang,J., Xing,F., Liu,J., Yip,C.C.-Y., Poon,R.W.-S., Tsai,H.W., Lo,S.K.-F., Chan,K.H., Poon,V.K.-M., Chan,W.M., Ip,J.D., Cai,J.P., Cheng,V.C.-C., Chen,H., Hui,C.K.-M., Yuen,K.Y., Chan,J.F.W., Yuen,K.-Y.",,China,Homo sapiens,oronasopharynx,2020-01,,"Severe acute respiratory syndrome coronavirus 2 isolate 2019-nCoV_HKU-SZ-004_2020 surface glycoprotein (S) gene, partial cds"
MN938385,2020-01-24T00:00:00Z,Severe acute respiratory syndrome-related coronavirus,Betacoronavirus,Coronaviridae,287,,,,,"Chan,J.F.-W., Yuan,S., Kok,K.H., To,K.K.-W., Chu,H., Yang,J., Xing,F., Liu,J., Yip,C.C.-Y., Poon,R.W.-S., Tsai,H.W., Lo,S.K.-F., Chan,K.H., Poon,V.K.-M., Chan,W.M., Ip,J.D., Cai,J.P., Cheng,V.C.-C., Chen,H., Hui,C.K.-M., Yuen,K.Y., Chan,J.F.W., Yuen,K.-Y.",,China,Homo sapiens,oronasopharynx,2020-01,,"Severe acute respiratory syndrome coronavirus 2 isolate 2019-nCoV_HKU-SZ-001_2020 ORF1ab polyprotein, RdRp region, (orf1ab) gene, partial cds"
MN975267,2020-01-24T00:00:00Z,Severe acute respiratory syndrome-related coronavirus,Betacoronavirus,Coronaviridae,107,,,,,"Chan,J.F.-W., Yuan,S., Kok,K.H., To,K.K.-W., Chu,H., Yang,J., Xing,F., Liu,J., Yip,C.C.-Y., Poon,R.W.-S., Tsai,H.W., Lo,S.K.-F., Chan,K.H., Poon,V.K.-M., Chan,W.M., Ip,J.D., Cai,J.P., Cheng,V.C.-C., Chen,H., Hui,C.K.-M., Yuen,K.Y., Chan,J.F.W., Yuen,K.-Y.",,China,Homo sapiens,oronasopharynx,2020-01,,"Severe acute respiratory syndrome coronavirus 2 isolate 2019-nCoV_HKU-SZ-007b_2020 surface glycoprotein (S) gene, partial cds"
MN975266,2020-01-24T00:00:00Z,Severe acute respiratory syndrome-related coronavirus,Betacoronavirus,Coronaviridae,107,,,,,"Chan,J.F.-W., Yuan,S., Kok,K.H., To,K.K.-W., Chu,H., Yang,J., Xing,F., Liu,J., Yip,C.C.-Y., Poon,R.W.-S., Tsai,H.W., Lo,S.K.-F., Chan,K.H., Poon,V.K.-M., Chan,W.M., Ip,J.D., Cai,J.P., Cheng,V.C.-C., Chen,H., Hui,C.K.-M., Yuen,K.Y., Chan,J.F.W., Yuen,K.-Y.",,China,Homo sapiens,oronasopharynx,2020-01,,"Severe acute respiratory syndrome coronavirus 2 isolate 2019-nCoV_HKU-SZ-007a_2020 surface glycoprotein (S) gene, partial cds"
MN938386,2020-01-24T00:00:00Z,Severe acute respiratory syndrome-related coronavirus,Betacoronavirus,Coronaviridae,287,,,,,"Chan,J.F.-W., Yuan,S., Kok,K.H., To,K.K.-W., Chu,H., Yang,J., Xing,F., Liu,J., Yip,C.C.-Y., Poon,R.W.-S., Tsai,H.W., Lo,S.K.-F., Chan,K.H., Poon,V.K.-M., Chan,W.M., Ip,J.D., Cai,J.P., Cheng,V.C.-C., Chen,H., Hui,C.K.-M., Yuen,K.Y., Chan,J.F.W., Yuen,K.-Y.",,China,Homo sapiens,oronasopharynx,2020-01,,"Severe acute respiratory syndrome coronavirus 2 isolate 2019-nCoV_HKU-SZ-004_2020 ORF1ab polyprotein, RdRp region, (orf1ab) gene, partial cds"
MN975264,2020-01-24T00:00:00Z,Severe acute respiratory syndrome-related coronavirus,Betacoronavirus,Coronaviridae,287,,,,,"Chan,J.F.-W., Yuan,S., Kok,K.H., To,K.K.-W., Chu,H., Yang,J., Xing,F., Liu,J., Yip,C.C.-Y., Poon,R.W.-S., Tsai,H.W., Lo,S.K.-F., Chan,K.H., Poon,V.K.-M., Chan,W.M., Ip,J.D., Cai,J.P., Cheng,V.C.-C., Chen,H., Hui,C.K.-M., Yuen,K.Y., Chan,J.F.W., Yuen,K.-Y.",,China,Homo sapiens,oronasopharynx,2020-01,,"Severe acute respiratory syndrome coronavirus 2 isolate 2019-nCoV_HKU-SZ-007b_2020 ORF1ab polyprotein, RdRp region, (orf1ab) gene, partial cds"
MN970004,2020-01-23T00:00:00Z,Severe acute respiratory syndrome-related coronavirus,Betacoronavirus,Coronaviridae,290,,,,,"Buathong,R., Wacharapluesadee,S., Lamsirithawon,S., Chaifoo,W., Ponpinit,T., Joyjinda,Y., Ruchisrisarod,C., Rodpan,A., Sirivichatakul,S., Vachiraphan,A., Plipat,T., Hemachudha,T.",,Thailand,Homo sapiens,"lung, oronasopharynx",2020-01-13,,"Severe acute respiratory syndrome coronavirus 2 isolate SI200121-SP orf1ab polyprotein, RdRP region, (orf1ab) gene, partial cds"
MN970003,2020-01-23T00:00:00Z,Severe acute respiratory syndrome-related coronavirus,Betacoronavirus,Coronaviridae,290,,,,,"Buathong,R., Wacharapluesadee,S., Lamsirithawon,S., Chaifoo,W., Ponpinit,T., Joyjinda,Y., Ruchisrisarod,C., Rodpan,A., Sirivichatakul,S., Vachiraphan,A., Plipat,T., Hemachudha,T.",,Thailand,Homo sapiens,"lung, oronasopharynx",2020-01-08,,"Severe acute respiratory syndrome coronavirus 2 isolate SI200040-SP orf1ab polyprotein, RdRP region, (orf1ab) gene, partial cds"
MN908947,2020-01-12T00:00:00Z,Severe acute respiratory syndrome-related coronavirus,Betacoronavirus,Coronaviridae,29903,complete,,,,"Wu,F., Zhao,S., Yu,B., Chen,Y.M., Wang,W., Song,Z.G., Hu,Y., Tao,Z.W., Tian,J.H., Pei,Y.Y., Yuan,M.L., Zhang,Y.L., Dai,F.H., Liu,Y., Wang,Q.M., Zheng,J.J., Xu,L., Holmes,E.C., Zhang,Y.Z., Chen,Y.-M., Song,Z.-G., Tao,Z.-W., Tian,J.-H., Pei,Y.-Y., Zhang,Y.-L., Dai,F.-H., Wang,Q.-M., Zheng,J.-J., Zhang,Y.-Z.",32015508,China,Homo sapiens,,2019-12,,"Severe acute respiratory syndrome coronavirus 2 isolate Wuhan-Hu-1, complete genome"
